_id,restaurante_id,nombre,descripcion,precio,categoria
6819c420ce840648fb8e9650,6819c420ce840648fb8e963b,Democrat,Walk number rule minute store.,11.25,Entrada
6819c420ce840648fb8e9651,6819c420ce840648fb8e963a,Find,Respond try build threat.,25.2,Entrada
6819c420ce840648fb8e9652,6819c420ce840648fb8e9621,Minute,Beautiful carry everything protect why.,21.3,Entrada
6819c420ce840648fb8e9653,6819c420ce840648fb8e9623,Suggest,Season develop avoid church.,28.16,Plato fuerte
6819c420ce840648fb8e9654,6819c420ce840648fb8e9628,Government,Law save public available reach.,15.16,Bebida
6819c420ce840648fb8e9655,6819c420ce840648fb8e962b,Wait,Item usually some.,26.62,Entrada
6819c420ce840648fb8e9656,6819c420ce840648fb8e9628,Friend,Success produce there along play.,14.47,Bebida
6819c420ce840648fb8e9657,6819c420ce840648fb8e962e,Across,Carry heavy wall pull enter.,28.16,Bebida
6819c420ce840648fb8e9658,6819c420ce840648fb8e9630,Civil,Sport safe executive cup then week tax.,15.58,Bebida
6819c420ce840648fb8e9659,6819c420ce840648fb8e9627,So,About attack newspaper decade concern.,9.75,Plato fuerte
6819c420ce840648fb8e965a,6819c420ce840648fb8e9621,Kid,Party piece doctor give most.,19.48,Entrada
6819c420ce840648fb8e965b,6819c420ce840648fb8e964d,Couple,Subject themselves property make picture.,12.84,Entrada
6819c420ce840648fb8e965c,6819c420ce840648fb8e9643,Piece,Myself far despite while to shake.,16.92,Plato fuerte
6819c420ce840648fb8e965d,6819c420ce840648fb8e9621,Kind,Foot production break let five box recent.,29.02,Entrada
6819c420ce840648fb8e965e,6819c420ce840648fb8e9629,Sea,Similar low source major.,6.71,Entrada
6819c420ce840648fb8e965f,6819c420ce840648fb8e9649,Its,Ahead environmental Democrat surface important.,26.55,Bebida
6819c420ce840648fb8e9660,6819c420ce840648fb8e9625,Or,Energy fish hot kind human treatment.,28.54,Plato fuerte
6819c420ce840648fb8e9661,6819c420ce840648fb8e9643,Executive,Rock fund stand final important occur coach.,19.86,Entrada
6819c420ce840648fb8e9662,6819c420ce840648fb8e9638,Design,Book why particularly can music wear again here.,21.43,Postre
6819c420ce840648fb8e9663,6819c420ce840648fb8e962e,Statement,Treatment short need pressure million gun.,10.11,Postre
6819c420ce840648fb8e9664,6819c420ce840648fb8e962d,Decide,Study how responsibility face.,11.64,Plato fuerte
6819c420ce840648fb8e9665,6819c420ce840648fb8e9648,Color,Former democratic safe vote already after.,21.14,Bebida
6819c420ce840648fb8e9666,6819c420ce840648fb8e9632,Yard,Bill huge machine church feeling discover significant.,28.23,Entrada
6819c420ce840648fb8e9667,6819c420ce840648fb8e961e,End,Evening buy six.,16.46,Entrada
6819c420ce840648fb8e9668,6819c420ce840648fb8e9622,Reality,Capital scientist establish be available reveal.,18.44,Postre
6819c420ce840648fb8e9669,6819c420ce840648fb8e9626,Sound,After sea must try believe open.,28.33,Entrada
6819c420ce840648fb8e966a,6819c420ce840648fb8e962d,Include,Story teacher size interesting sea.,14.24,Plato fuerte
6819c420ce840648fb8e966b,6819c420ce840648fb8e963a,Five,Learn between wide office heavy.,25.84,Postre
6819c420ce840648fb8e966c,6819c420ce840648fb8e9645,Laugh,Develop image everything expect.,29.6,Entrada
6819c420ce840648fb8e966d,6819c420ce840648fb8e9648,Scientist,Media him year road week several research.,25.43,Postre
6819c420ce840648fb8e966e,6819c420ce840648fb8e9648,Local,Official agent side language live.,7.59,Plato fuerte
6819c420ce840648fb8e966f,6819c420ce840648fb8e962e,Boy,Forward special wish believe college.,7.89,Entrada
6819c420ce840648fb8e9670,6819c420ce840648fb8e964d,Treatment,Order base idea study model style set.,18.83,Postre
6819c420ce840648fb8e9671,6819c420ce840648fb8e9630,Artist,Edge find full character focus north image.,20.12,Postre
6819c420ce840648fb8e9672,6819c420ce840648fb8e962b,Accept,Real sense some nation fine.,22.19,Postre
6819c420ce840648fb8e9673,6819c420ce840648fb8e963e,Reach,Focus remember method teach yeah.,17.21,Entrada
6819c420ce840648fb8e9674,6819c420ce840648fb8e9623,Beat,International back camera add.,20.86,Postre
6819c420ce840648fb8e9675,6819c420ce840648fb8e9620,Nature,Coach join will although.,5.09,Plato fuerte
6819c420ce840648fb8e9676,6819c420ce840648fb8e9646,Language,Color sort maintain see natural human father.,29.49,Plato fuerte
6819c420ce840648fb8e9677,6819c420ce840648fb8e964d,Learn,Result they even follow threat.,16.05,Bebida
6819c420ce840648fb8e9678,6819c420ce840648fb8e9641,Organization,Center model daughter pass.,5.24,Entrada
6819c420ce840648fb8e9679,6819c420ce840648fb8e964a,Send,Mind economy leg view until result.,27.6,Entrada
6819c420ce840648fb8e967a,6819c420ce840648fb8e9635,Together,Clearly resource listen fish.,19.56,Plato fuerte
6819c420ce840648fb8e967b,6819c420ce840648fb8e9639,Country,Like year accept reduce.,8.19,Postre
6819c420ce840648fb8e967c,6819c420ce840648fb8e9635,Decision,Mrs former article light.,27.47,Entrada
6819c420ce840648fb8e967d,6819c420ce840648fb8e9634,Close,Go next difficult pick.,10.25,Plato fuerte
6819c420ce840648fb8e967e,6819c420ce840648fb8e9648,Without,Ever star test once figure.,7.57,Bebida
6819c420ce840648fb8e967f,6819c420ce840648fb8e9645,Probably,Various night political dark or bill.,23.74,Plato fuerte
6819c420ce840648fb8e9680,6819c420ce840648fb8e9628,Direction,Condition nor camera mission population.,29.41,Plato fuerte
6819c420ce840648fb8e9681,6819c420ce840648fb8e9638,Identify,Offer table painting whom say pattern.,5.62,Postre
6819c420ce840648fb8e9682,6819c420ce840648fb8e9638,Where,Decide able discussion describe upon past century.,25.06,Plato fuerte
6819c420ce840648fb8e9683,6819c420ce840648fb8e962f,May,Follow time appear.,8.98,Entrada
6819c420ce840648fb8e9684,6819c420ce840648fb8e9636,Much,International line few service drive hotel.,26.8,Bebida
6819c420ce840648fb8e9685,6819c420ce840648fb8e962c,Staff,Relationship great stuff first back painting.,9.99,Bebida
6819c420ce840648fb8e9686,6819c420ce840648fb8e9634,Difficult,Watch street represent style.,12.63,Plato fuerte
6819c420ce840648fb8e9687,6819c420ce840648fb8e962c,Opportunity,Majority smile rate newspaper itself give.,5.59,Plato fuerte
6819c420ce840648fb8e9688,6819c420ce840648fb8e9637,Ago,Talk side generation interest pay then.,13.21,Entrada
6819c420ce840648fb8e9689,6819c420ce840648fb8e964f,Wife,Him condition section action kind.,11.98,Bebida
6819c420ce840648fb8e968a,6819c420ce840648fb8e9649,Never,Accept financial behind hard effect.,29.53,Postre
6819c420ce840648fb8e968b,6819c420ce840648fb8e961f,Will,Parent almost ever.,7.88,Postre
6819c420ce840648fb8e968c,6819c420ce840648fb8e9629,Measure,Analysis receive education personal wife statement.,19.51,Postre
6819c420ce840648fb8e968d,6819c420ce840648fb8e9620,Travel,Young place make list themselves seek space.,7.71,Bebida
6819c420ce840648fb8e968e,6819c420ce840648fb8e9634,American,Ahead thus check save that capital.,23.21,Postre
6819c420ce840648fb8e968f,6819c420ce840648fb8e9639,Kind,Argue PM artist best.,20.16,Entrada
6819c420ce840648fb8e9690,6819c420ce840648fb8e9636,Off,Work create pass admit student.,27.49,Plato fuerte
6819c420ce840648fb8e9691,6819c420ce840648fb8e962e,Thus,Today college worry reveal hand add.,6.11,Bebida
6819c420ce840648fb8e9692,6819c420ce840648fb8e961e,Red,Indicate property article cover seven challenge.,18.0,Plato fuerte
6819c420ce840648fb8e9693,6819c420ce840648fb8e9635,Example,Common and part read.,15.78,Postre
6819c420ce840648fb8e9694,6819c420ce840648fb8e9645,It,Play success wait find.,12.85,Entrada
6819c420ce840648fb8e9695,6819c420ce840648fb8e964c,Option,Brother letter structure beat us because.,27.5,Postre
6819c420ce840648fb8e9696,6819c420ce840648fb8e9648,Why,Consumer beat fish phone.,15.21,Bebida
6819c420ce840648fb8e9697,6819c420ce840648fb8e964a,Again,Small design hear ball.,12.39,Plato fuerte
6819c420ce840648fb8e9698,6819c420ce840648fb8e962a,Shake,Film race wall ten section.,15.51,Bebida
6819c420ce840648fb8e9699,6819c420ce840648fb8e9649,Sing,Financial here expert everything.,23.7,Plato fuerte
6819c420ce840648fb8e969a,6819c420ce840648fb8e9645,Other,Including structure evening current without else.,19.23,Bebida
6819c420ce840648fb8e969b,6819c420ce840648fb8e9641,Less,Begin great hair sign mission.,25.84,Postre
6819c420ce840648fb8e969c,6819c420ce840648fb8e9630,Themselves,Reach color wear one choose notice year its.,10.25,Postre
6819c420ce840648fb8e969d,6819c420ce840648fb8e963b,Race,Debate record mean stop some.,16.04,Plato fuerte
6819c420ce840648fb8e969e,6819c420ce840648fb8e963e,Believe,Significant election life all boy probably cost.,16.83,Plato fuerte
6819c420ce840648fb8e969f,6819c420ce840648fb8e9648,Challenge,Only head help open almost red picture.,7.12,Postre
6819c420ce840648fb8e96a0,6819c420ce840648fb8e9623,True,City little from.,25.46,Plato fuerte
6819c420ce840648fb8e96a1,6819c420ce840648fb8e9649,Weight,Cost group clear national.,12.76,Plato fuerte
6819c420ce840648fb8e96a2,6819c420ce840648fb8e9627,Soldier,Keep pattern order.,5.61,Plato fuerte
6819c420ce840648fb8e96a3,6819c420ce840648fb8e963c,Run,Room list during rich over lot.,20.28,Entrada
6819c420ce840648fb8e96a4,6819c420ce840648fb8e963b,Institution,Always upon doctor various until.,15.36,Plato fuerte
6819c420ce840648fb8e96a5,6819c420ce840648fb8e964b,Box,International especially officer or clearly coach.,22.41,Bebida
6819c420ce840648fb8e96a6,6819c420ce840648fb8e9637,First,Whole wall cup win sell candidate four whether.,11.1,Entrada
6819c420ce840648fb8e96a7,6819c420ce840648fb8e964e,Believe,Society center get how leave.,26.51,Entrada
6819c420ce840648fb8e96a8,6819c420ce840648fb8e964f,Reason,Customer common film continue.,15.63,Plato fuerte
6819c420ce840648fb8e96a9,6819c420ce840648fb8e964a,Toward,Job right child new simply.,17.95,Entrada
6819c420ce840648fb8e96aa,6819c420ce840648fb8e9641,Accept,City beyond near hour defense line heavy.,11.23,Entrada
6819c420ce840648fb8e96ab,6819c420ce840648fb8e963b,Major,Several benefit campaign several card.,8.33,Bebida
6819c420ce840648fb8e96ac,6819c420ce840648fb8e9648,Spring,Today star room interesting hour author.,18.28,Postre
6819c420ce840648fb8e96ad,6819c420ce840648fb8e964e,Middle,Agree those concern dog gun may ability out.,27.29,Bebida
6819c420ce840648fb8e96ae,6819c420ce840648fb8e9641,Information,Population catch could deep.,16.15,Plato fuerte
6819c420ce840648fb8e96af,6819c420ce840648fb8e964d,Learn,Fund pressure international expect.,26.54,Bebida
6819c420ce840648fb8e96b0,6819c420ce840648fb8e962e,Impact,Alone when instead clear radio strong let.,23.79,Postre
6819c420ce840648fb8e96b1,6819c420ce840648fb8e964f,Beautiful,Rather big television sound activity five.,24.44,Bebida
6819c420ce840648fb8e96b2,6819c420ce840648fb8e9646,Paper,Himself lawyer main whether I side field.,10.98,Bebida
6819c420ce840648fb8e96b3,6819c420ce840648fb8e9622,Evening,Page sort late health.,22.84,Plato fuerte
6819c420ce840648fb8e96b4,6819c420ce840648fb8e962f,Material,Such will born condition interest service.,13.4,Entrada
6819c420ce840648fb8e96b5,6819c420ce840648fb8e9626,Truth,Character front various opportunity.,8.77,Bebida
6819c420ce840648fb8e96b6,6819c420ce840648fb8e964a,Decade,Spend road lawyer any example business majority.,8.82,Plato fuerte
6819c420ce840648fb8e96b7,6819c420ce840648fb8e9622,Hit,Threat rather education.,15.37,Postre
6819c420ce840648fb8e96b8,6819c420ce840648fb8e9640,Green,Short age environment fall indicate.,16.65,Entrada
6819c420ce840648fb8e96b9,6819c420ce840648fb8e962b,Likely,Fear along born rule most how.,25.82,Bebida
6819c420ce840648fb8e96ba,6819c420ce840648fb8e964f,Continue,Movement call certain management.,19.6,Entrada
6819c420ce840648fb8e96bb,6819c420ce840648fb8e964e,Walk,Generation leader pay try tough.,19.39,Bebida
6819c420ce840648fb8e96bc,6819c420ce840648fb8e961e,Work,Notice American force although participant rich speech.,28.57,Postre
6819c420ce840648fb8e96bd,6819c420ce840648fb8e964e,Blood,Mention rise front PM few husband.,14.75,Bebida
6819c420ce840648fb8e96be,6819c420ce840648fb8e9640,Create,Return sea bad treatment whole.,23.69,Plato fuerte
6819c420ce840648fb8e96bf,6819c420ce840648fb8e963d,Student,Number yet past much soldier.,10.49,Bebida
6819c420ce840648fb8e96c0,6819c420ce840648fb8e963d,Rule,Hear list set.,5.73,Postre
6819c420ce840648fb8e96c1,6819c420ce840648fb8e9648,Leave,Section sing everybody provide painting.,21.98,Bebida
6819c420ce840648fb8e96c2,6819c420ce840648fb8e964c,Where,Question evening imagine affect.,9.13,Bebida
6819c420ce840648fb8e96c3,6819c420ce840648fb8e9626,Join,Ever leg so play.,29.52,Entrada
6819c420ce840648fb8e96c4,6819c420ce840648fb8e9637,Bill,Different remember determine particularly rock.,19.8,Entrada
6819c420ce840648fb8e96c5,6819c420ce840648fb8e9623,Politics,Onto play forget home upon actually future.,21.07,Plato fuerte
6819c420ce840648fb8e96c6,6819c420ce840648fb8e963b,Half,Charge take material mother color hope.,9.54,Postre
6819c420ce840648fb8e96c7,6819c420ce840648fb8e9636,Interesting,Produce number bad.,13.18,Bebida
6819c420ce840648fb8e96c8,6819c420ce840648fb8e9632,Message,World bar security morning fight seem later.,13.44,Bebida
6819c420ce840648fb8e96c9,6819c420ce840648fb8e962f,Manage,Choose once person.,23.8,Bebida
6819c420ce840648fb8e96ca,6819c420ce840648fb8e962e,Other,Indeed share seem exist season writer.,25.87,Bebida
6819c420ce840648fb8e96cb,6819c420ce840648fb8e961f,How,Capital parent sure best design yeah number.,23.73,Entrada
6819c420ce840648fb8e96cc,6819c420ce840648fb8e9634,Could,Short worker without nearly.,10.61,Entrada
6819c420ce840648fb8e96cd,6819c420ce840648fb8e964f,He,Industry out floor guy black.,28.93,Entrada
6819c420ce840648fb8e96ce,6819c420ce840648fb8e964e,Usually,Maybe mouth different identify series experience.,5.78,Plato fuerte
6819c420ce840648fb8e96cf,6819c420ce840648fb8e962a,Window,Church them hundred about stop several prevent.,25.98,Plato fuerte
6819c420ce840648fb8e96d0,6819c420ce840648fb8e962d,Result,Himself president wind improve.,8.16,Entrada
6819c420ce840648fb8e96d1,6819c420ce840648fb8e9642,Provide,Peace catch people.,28.69,Bebida
6819c420ce840648fb8e96d2,6819c420ce840648fb8e964a,Be,Number impact age particular coach personal range weight.,11.41,Postre
6819c420ce840648fb8e96d3,6819c420ce840648fb8e9628,Agency,Third pressure need tell sure claim hard themselves.,20.15,Entrada
6819c420ce840648fb8e96d4,6819c420ce840648fb8e964f,Continue,View TV follow fall thus debate leave.,25.48,Postre
6819c420ce840648fb8e96d5,6819c420ce840648fb8e9624,Election,Kitchen drop computer left political sound study the.,19.47,Postre
6819c420ce840648fb8e96d6,6819c420ce840648fb8e9642,When,Each reveal attorney security.,21.93,Bebida
6819c420ce840648fb8e96d7,6819c420ce840648fb8e9637,Rest,Term yet television audience indicate employee.,28.54,Plato fuerte
6819c420ce840648fb8e96d8,6819c420ce840648fb8e9622,Sense,Building since positive move agency lose rise.,19.8,Plato fuerte
6819c420ce840648fb8e96d9,6819c420ce840648fb8e9624,Final,Stock rise always human until picture.,22.43,Postre
6819c420ce840648fb8e96da,6819c420ce840648fb8e9649,Less,Skin billion suggest serious often social.,20.01,Entrada
6819c420ce840648fb8e96db,6819c420ce840648fb8e9642,Seven,Hand prevent center during.,24.57,Postre
6819c420ce840648fb8e96dc,6819c420ce840648fb8e9640,Meeting,Enough form really leader remember.,15.71,Postre
6819c420ce840648fb8e96dd,6819c420ce840648fb8e9622,Soldier,Serious garden ready former late.,17.65,Postre
6819c420ce840648fb8e96de,6819c420ce840648fb8e961e,Evening,Every along cause miss ago they nor.,26.24,Bebida
6819c420ce840648fb8e96df,6819c420ce840648fb8e9624,Sell,Fill respond nothing fight require.,15.84,Postre
6819c420ce840648fb8e96e0,6819c420ce840648fb8e9646,Report,Child source campaign parent teacher.,27.29,Bebida
6819c420ce840648fb8e96e1,6819c420ce840648fb8e964b,Even,Agreement deep field once else.,8.82,Plato fuerte
6819c420ce840648fb8e96e2,6819c420ce840648fb8e964c,Set,Seat you image peace color general choose.,18.04,Postre
6819c420ce840648fb8e96e3,6819c420ce840648fb8e9645,Tonight,Fire hear tend magazine college moment compare.,25.2,Bebida
6819c420ce840648fb8e96e4,6819c420ce840648fb8e963b,Watch,Add water garden finally difference everything.,15.89,Postre
6819c420ce840648fb8e96e5,6819c420ce840648fb8e9632,Star,Practice ground least tree.,26.29,Entrada
6819c420ce840648fb8e96e6,6819c420ce840648fb8e962f,What,Style suffer situation.,27.04,Plato fuerte
6819c420ce840648fb8e96e7,6819c420ce840648fb8e964e,Need,Scientist hair allow phone weight.,16.62,Bebida
6819c420ce840648fb8e96e8,6819c420ce840648fb8e9633,Movement,Even which suggest Mrs.,5.72,Postre
6819c420ce840648fb8e96e9,6819c420ce840648fb8e9629,Base,Land mission each something.,17.19,Postre
6819c420ce840648fb8e96ea,6819c420ce840648fb8e962e,Cover,Direction response concern without entire.,13.51,Postre
6819c420ce840648fb8e96eb,6819c420ce840648fb8e9641,Fall,Sea safe true town.,5.25,Plato fuerte
6819c420ce840648fb8e96ec,6819c420ce840648fb8e9623,Cause,Few debate during seven local better think.,11.03,Bebida
6819c420ce840648fb8e96ed,6819c420ce840648fb8e963d,Approach,So authority long kind live between.,18.88,Plato fuerte
6819c420ce840648fb8e96ee,6819c420ce840648fb8e964a,Perform,Our feel act involve toward.,16.9,Bebida
6819c420ce840648fb8e96ef,6819c420ce840648fb8e963a,Service,Since crime south pass lead a.,24.82,Entrada
6819c420ce840648fb8e96f0,6819c420ce840648fb8e9630,Somebody,Over manage computer medical method week.,10.54,Plato fuerte
6819c420ce840648fb8e96f1,6819c420ce840648fb8e9631,Firm,Test eat every night final.,21.6,Postre
6819c420ce840648fb8e96f2,6819c420ce840648fb8e963c,Less,With watch maintain five.,18.84,Postre
6819c420ce840648fb8e96f3,6819c420ce840648fb8e9639,Mr,Many condition set pull behind television garden.,29.92,Postre
6819c420ce840648fb8e96f4,6819c420ce840648fb8e9634,Right,State cover board discussion film figure short.,22.57,Postre
6819c420ce840648fb8e96f5,6819c420ce840648fb8e9631,Marriage,Range until decision public.,11.29,Entrada
6819c420ce840648fb8e96f6,6819c420ce840648fb8e964c,Game,Court how commercial citizen.,9.81,Entrada
6819c420ce840648fb8e96f7,6819c420ce840648fb8e964d,Recognize,For might listen organization.,18.4,Plato fuerte
6819c420ce840648fb8e96f8,6819c420ce840648fb8e962a,Keep,Director enjoy various strong he.,10.41,Bebida
6819c420ce840648fb8e96f9,6819c420ce840648fb8e962f,Follow,Risk stop firm final none several.,23.11,Postre
6819c420ce840648fb8e96fa,6819c420ce840648fb8e9624,Accept,Area impact position cause lead ever.,25.82,Postre
6819c420ce840648fb8e96fb,6819c420ce840648fb8e962c,Tell,Decade respond far health focus.,14.02,Postre
6819c420ce840648fb8e96fc,6819c420ce840648fb8e961e,Street,For nice current Democrat me task.,22.7,Plato fuerte
6819c420ce840648fb8e96fd,6819c420ce840648fb8e962f,Both,During for look return.,6.14,Entrada
6819c420ce840648fb8e96fe,6819c420ce840648fb8e9641,Many,Sit hope where.,12.3,Plato fuerte
6819c420ce840648fb8e96ff,6819c420ce840648fb8e9646,Seat,Economic would only arrive argue garden Mrs.,26.71,Bebida
6819c420ce840648fb8e9700,6819c420ce840648fb8e9624,Left,Book care seek foot simple.,26.82,Postre
6819c420ce840648fb8e9701,6819c420ce840648fb8e963c,Job,Them operation off no.,16.97,Postre
6819c420ce840648fb8e9702,6819c420ce840648fb8e9629,Left,Foreign national produce news stage.,29.14,Postre
6819c420ce840648fb8e9703,6819c420ce840648fb8e963c,Road,Cell show that.,7.85,Entrada
6819c420ce840648fb8e9704,6819c420ce840648fb8e9637,Scene,Whatever guess significant section Democrat fly.,17.29,Entrada
6819c420ce840648fb8e9705,6819c420ce840648fb8e9627,Drive,Gun current will else page usually cell.,8.73,Postre
6819c420ce840648fb8e9706,6819c420ce840648fb8e9623,Quality,Interview south something story art writer.,29.85,Entrada
6819c420ce840648fb8e9707,6819c420ce840648fb8e9641,Hour,Not yet where.,24.11,Plato fuerte
6819c420ce840648fb8e9708,6819c420ce840648fb8e964f,Tv,So man offer plant same north.,18.06,Bebida
6819c420ce840648fb8e9709,6819c420ce840648fb8e963a,Open,Mother sometimes suffer because.,12.43,Bebida
6819c420ce840648fb8e970a,6819c420ce840648fb8e9631,Win,Particular year sell short issue everybody later.,19.22,Entrada
6819c420ce840648fb8e970b,6819c420ce840648fb8e9645,Up,Practice authority possible fund.,29.0,Entrada
6819c420ce840648fb8e970c,6819c420ce840648fb8e964e,News,Threat husband family perhaps hope across.,10.19,Plato fuerte
6819c420ce840648fb8e970d,6819c420ce840648fb8e962e,Future,Character talk once should mother president.,21.51,Plato fuerte
6819c420ce840648fb8e970e,6819c420ce840648fb8e962d,Deep,Understand throw resource officer country challenge final.,9.35,Entrada
6819c420ce840648fb8e970f,6819c420ce840648fb8e9628,Blood,Mouth war always.,5.07,Bebida
6819c420ce840648fb8e9710,6819c420ce840648fb8e964a,Care,Give attorney that up probably cut clear.,19.85,Postre
6819c420ce840648fb8e9711,6819c420ce840648fb8e9620,Experience,View describe green case together.,10.79,Postre
6819c420ce840648fb8e9712,6819c420ce840648fb8e964a,Less,Street heart know season.,26.49,Entrada
6819c420ce840648fb8e9713,6819c420ce840648fb8e9649,Sister,Herself land human day herself.,10.84,Postre
6819c420ce840648fb8e9714,6819c420ce840648fb8e9646,Teacher,Behavior compare tree right.,19.74,Plato fuerte
6819c420ce840648fb8e9715,6819c420ce840648fb8e9639,Campaign,Series build major painting.,7.87,Plato fuerte
6819c420ce840648fb8e9716,6819c420ce840648fb8e9647,So,Indeed decision before medical long meet.,8.72,Postre
6819c420ce840648fb8e9717,6819c420ce840648fb8e9627,You,Administration herself information which beyond growth finally.,6.79,Plato fuerte
6819c420ce840648fb8e9718,6819c420ce840648fb8e9631,Attention,Watch present director red practice special.,19.88,Postre
6819c420ce840648fb8e9719,6819c420ce840648fb8e963a,Type,Administration who role today animal suggest concern.,8.11,Postre
6819c420ce840648fb8e971a,6819c420ce840648fb8e964a,Act,Million cell like although.,15.06,Postre
6819c420ce840648fb8e971b,6819c420ce840648fb8e963e,Pick,Term produce he increase church.,18.5,Bebida
6819c420ce840648fb8e971c,6819c420ce840648fb8e9623,Consider,View whole score special.,19.95,Bebida
6819c420ce840648fb8e971d,6819c420ce840648fb8e964d,Course,These body class marriage fill personal.,13.06,Postre
6819c420ce840648fb8e971e,6819c420ce840648fb8e961f,When,Perform agreement ago agreement like.,7.28,Entrada
6819c420ce840648fb8e971f,6819c420ce840648fb8e964e,Simple,Trial another help out.,21.81,Postre
6819c420ce840648fb8e9720,6819c420ce840648fb8e9642,Network,Citizen address today begin.,6.01,Plato fuerte
6819c420ce840648fb8e9721,6819c420ce840648fb8e963c,Attorney,Why less indeed together.,17.97,Bebida
6819c420ce840648fb8e9722,6819c420ce840648fb8e962f,Less,Tax speak a live.,9.54,Bebida
6819c420ce840648fb8e9723,6819c420ce840648fb8e9646,We,Campaign prevent half party respond.,25.36,Entrada
6819c420ce840648fb8e9724,6819c420ce840648fb8e963c,Mean,See system cultural despite candidate walk difficult.,13.7,Postre
6819c420ce840648fb8e9725,6819c420ce840648fb8e9632,Beautiful,Response executive past economic.,21.75,Plato fuerte
6819c420ce840648fb8e9726,6819c420ce840648fb8e9633,Enough,Role feeling report left.,15.29,Bebida
6819c420ce840648fb8e9727,6819c420ce840648fb8e9630,Performance,Might write entire tonight foreign hear certainly.,21.56,Bebida
6819c420ce840648fb8e9728,6819c420ce840648fb8e964e,Since,Security son place.,18.75,Bebida
6819c420ce840648fb8e9729,6819c420ce840648fb8e9623,Study,Woman add play structure down.,12.86,Postre
6819c420ce840648fb8e972a,6819c420ce840648fb8e9625,Industry,Activity lose tax could thank wife.,29.25,Bebida
6819c420ce840648fb8e972b,6819c420ce840648fb8e963e,Into,Yeah law enjoy key seat pretty method.,25.62,Entrada
6819c420ce840648fb8e972c,6819c420ce840648fb8e9648,Green,You control game the sign lead.,26.73,Bebida
6819c420ce840648fb8e972d,6819c420ce840648fb8e9638,Big,Shake enjoy site interview agent myself.,6.36,Postre
6819c420ce840648fb8e972e,6819c420ce840648fb8e9645,Between,Window store build require call.,23.91,Bebida
6819c420ce840648fb8e972f,6819c420ce840648fb8e964e,Hand,Laugh network vote whom will.,6.29,Postre
6819c420ce840648fb8e9730,6819c420ce840648fb8e9641,Court,Star those memory center quite simply.,8.28,Postre
6819c420ce840648fb8e9731,6819c420ce840648fb8e963a,Decide,Moment sister none most another mouth.,27.02,Bebida
6819c420ce840648fb8e9732,6819c420ce840648fb8e9625,Notice,Really young coach city quite.,5.72,Plato fuerte
6819c420ce840648fb8e9733,6819c420ce840648fb8e964b,Prove,Difficult us respond must western interest dark any.,8.96,Entrada
6819c420ce840648fb8e9734,6819c420ce840648fb8e9641,Institution,Hope miss instead live focus.,15.2,Plato fuerte
6819c420ce840648fb8e9735,6819c420ce840648fb8e9625,Set,A edge new find type.,16.54,Entrada
6819c420ce840648fb8e9736,6819c420ce840648fb8e9647,Position,Where arrive improve century state share southern week.,25.8,Bebida
6819c420ce840648fb8e9737,6819c420ce840648fb8e964b,Eight,Skill position hospital cover strong audience.,12.3,Postre
6819c420ce840648fb8e9738,6819c420ce840648fb8e9638,Fact,Throughout but science want.,25.87,Bebida
6819c420ce840648fb8e9739,6819c420ce840648fb8e962d,Civil,Kitchen public set action bring.,16.42,Plato fuerte
6819c420ce840648fb8e973a,6819c420ce840648fb8e9636,Foreign,Bill pick likely produce federal by sea.,9.77,Plato fuerte
6819c420ce840648fb8e973b,6819c420ce840648fb8e9622,Look,Audience without treat game.,11.91,Bebida
6819c420ce840648fb8e973c,6819c420ce840648fb8e9633,Expert,High through both.,28.36,Postre
6819c420ce840648fb8e973d,6819c420ce840648fb8e961e,Man,One then reality some serve different.,12.07,Postre
6819c420ce840648fb8e973e,6819c420ce840648fb8e9643,Board,Young owner out guy.,19.5,Bebida
6819c420ce840648fb8e973f,6819c420ce840648fb8e9627,True,Student white instead point tend exactly right.,16.16,Bebida
6819c420ce840648fb8e9740,6819c420ce840648fb8e9634,Fact,Policy forget project economy ground.,13.31,Bebida
6819c420ce840648fb8e9741,6819c420ce840648fb8e963b,Add,Require magazine one determine.,28.32,Plato fuerte
6819c420ce840648fb8e9742,6819c420ce840648fb8e964a,Leader,Billion sit remain night study.,10.97,Bebida
6819c420ce840648fb8e9743,6819c420ce840648fb8e962c,How,Million understand him own opportunity soldier west offer.,26.4,Bebida
6819c420ce840648fb8e9744,6819c420ce840648fb8e9620,Buy,Guess pull tough instead hour.,12.95,Bebida
6819c420ce840648fb8e9745,6819c420ce840648fb8e964b,Size,Girl small system.,27.84,Bebida
6819c420ce840648fb8e9746,6819c420ce840648fb8e9636,Painting,Also human source season it traditional democratic.,29.71,Plato fuerte
6819c420ce840648fb8e9747,6819c420ce840648fb8e963d,Course,Piece forget factor.,29.12,Plato fuerte
6819c420ce840648fb8e9748,6819c420ce840648fb8e963e,Itself,Rock support effect.,29.13,Postre
6819c420ce840648fb8e9749,6819c420ce840648fb8e9624,Tell,Good whole everybody situation foot recognize.,26.85,Bebida
6819c420ce840648fb8e974a,6819c420ce840648fb8e9624,Prove,Shoulder civil next tell possible.,18.15,Bebida
6819c420ce840648fb8e974b,6819c420ce840648fb8e961e,Sit,Send sit common matter become goal.,23.06,Bebida
6819c420ce840648fb8e974c,6819c420ce840648fb8e9647,Nothing,First figure trial bed image.,29.25,Entrada
6819c420ce840648fb8e974d,6819c420ce840648fb8e963c,Pretty,Police series dark task magazine front just.,24.54,Postre
6819c420ce840648fb8e974e,6819c420ce840648fb8e9633,High,Where follow born ok.,20.58,Bebida
6819c420ce840648fb8e974f,6819c420ce840648fb8e9647,When,Record night series Mrs huge receive cup.,7.01,Postre
6819c420ce840648fb8e9750,6819c420ce840648fb8e9649,Believe,Trip production system certainly future government card history.,26.48,Bebida
6819c420ce840648fb8e9751,6819c420ce840648fb8e9632,Through,Party wife food different step.,20.67,Bebida
6819c420ce840648fb8e9752,6819c420ce840648fb8e9640,Else,Choice yeah ago difference reason despite themselves.,5.9,Entrada
6819c420ce840648fb8e9753,6819c420ce840648fb8e962d,Less,Certainly father who tax low.,20.78,Postre
6819c420ce840648fb8e9754,6819c420ce840648fb8e962c,Leg,News your court control million hundred.,23.67,Bebida
6819c420ce840648fb8e9755,6819c420ce840648fb8e9624,Parent,Section religious word sound enjoy have.,24.01,Entrada
6819c420ce840648fb8e9756,6819c420ce840648fb8e963a,We,Floor ground when care team.,9.16,Postre
6819c420ce840648fb8e9757,6819c420ce840648fb8e961f,Scientist,Somebody often benefit true world.,6.15,Entrada
6819c420ce840648fb8e9758,6819c420ce840648fb8e9630,Section,Movement bit step direction give reduce with.,13.96,Bebida
6819c420ce840648fb8e9759,6819c420ce840648fb8e9627,Tend,Let off apply peace market.,11.1,Bebida
6819c420ce840648fb8e975a,6819c420ce840648fb8e9642,Least,Well commercial nice next.,22.05,Plato fuerte
6819c420ce840648fb8e975b,6819c420ce840648fb8e9628,Art,Live relationship as great western everybody.,9.38,Bebida
6819c420ce840648fb8e975c,6819c420ce840648fb8e9645,Entire,Require make region.,22.08,Bebida
6819c420ce840648fb8e975d,6819c420ce840648fb8e9643,Yes,Worry Democrat laugh Mrs.,8.58,Bebida
6819c420ce840648fb8e975e,6819c420ce840648fb8e9646,Represent,Form now then watch certain.,11.35,Postre
6819c420ce840648fb8e975f,6819c420ce840648fb8e9648,Notice,Fire according participant Republican group build within pass.,5.23,Bebida
6819c420ce840648fb8e9760,6819c420ce840648fb8e9630,Next,Room run eat own serve conference.,21.94,Plato fuerte
6819c420ce840648fb8e9761,6819c420ce840648fb8e9622,Course,Power manager build.,16.04,Postre
6819c420ce840648fb8e9762,6819c420ce840648fb8e9643,Behind,Watch off we hold.,12.48,Bebida
6819c420ce840648fb8e9763,6819c420ce840648fb8e964a,Involve,Recent catch gas benefit great religious.,11.25,Postre
6819c420ce840648fb8e9764,6819c420ce840648fb8e962a,Until,Matter continue husband dinner worry.,29.98,Bebida
6819c420ce840648fb8e9765,6819c420ce840648fb8e9624,Property,Fund sell model after.,10.93,Postre
6819c420ce840648fb8e9766,6819c420ce840648fb8e9642,Police,Word arrive health collection.,12.4,Postre
6819c420ce840648fb8e9767,6819c420ce840648fb8e961f,Newspaper,Above his agree.,29.45,Bebida
6819c420ce840648fb8e9768,6819c420ce840648fb8e962f,West,Nor teacher western country per consider despite.,5.2,Entrada
6819c420ce840648fb8e9769,6819c420ce840648fb8e9644,Hair,The tree outside off.,23.63,Postre
6819c420ce840648fb8e976a,6819c420ce840648fb8e964f,Vote,Relationship they concern chance standard air.,24.97,Postre
6819c420ce840648fb8e976b,6819c420ce840648fb8e962c,American,Thousand soldier build various various blue raise.,20.92,Postre
6819c420ce840648fb8e976c,6819c420ce840648fb8e9649,Performance,Cold between cover choice party front lawyer.,23.89,Plato fuerte
6819c420ce840648fb8e976d,6819c420ce840648fb8e9646,Reason,Story six want protect assume east center.,7.43,Entrada
6819c420ce840648fb8e976e,6819c420ce840648fb8e9631,Television,Could identify group true TV specific travel.,24.72,Entrada
6819c420ce840648fb8e976f,6819c420ce840648fb8e9643,Second,Better mind professional fly month offer mother hour.,14.12,Plato fuerte
6819c420ce840648fb8e9770,6819c420ce840648fb8e9623,Office,Executive career shake fall phone.,27.74,Postre
6819c420ce840648fb8e9771,6819c420ce840648fb8e964d,International,Help make make focus machine home.,15.39,Plato fuerte
6819c420ce840648fb8e9772,6819c420ce840648fb8e9626,Modern,Side recognize month among water.,24.66,Postre
6819c420ce840648fb8e9773,6819c420ce840648fb8e963f,Food,Security number community finish answer agreement whom his.,17.54,Postre
6819c420ce840648fb8e9774,6819c420ce840648fb8e9628,He,Appear stay them school model condition he.,11.42,Bebida
6819c420ce840648fb8e9775,6819c420ce840648fb8e9630,Say,Treat better wear.,23.66,Postre
6819c420ce840648fb8e9776,6819c420ce840648fb8e9625,Wait,Republican authority data deal policy.,16.71,Entrada
6819c420ce840648fb8e9777,6819c420ce840648fb8e9627,Administration,Two deal ready.,23.85,Plato fuerte
6819c420ce840648fb8e9778,6819c420ce840648fb8e9649,Window,Above drive sport story worker.,23.11,Bebida
6819c420ce840648fb8e9779,6819c420ce840648fb8e9641,In,Head study and center east.,14.14,Bebida
6819c420ce840648fb8e977a,6819c420ce840648fb8e961e,Relate,Think institution now tell phone.,11.61,Entrada
6819c420ce840648fb8e977b,6819c420ce840648fb8e963b,Democratic,Important act statement help successful.,14.21,Postre
